{
    "msg_welcome": "欢迎来到因子游戏 (Version 1.1)",
    "msg_gamename": "游戏名称",
    "msg_startgame": "开始游戏",
    "msg_rule": "游戏规则",
    "msg_game": "因子游戏",
    "msg_nownum": "当前数字",
    "msg_nowuse": "游戏状态",
    "msg_hh": "回合",
    "msg_control": "游戏控制",
    "msg_kxyz": "可选因子",
    "msg_choose": "选择",
    "msg_newgame": "新游戏",
    "msg_gamelog": "游戏日志",
    "msg_bnum": "起始数字",
    "msg_big": "数字必须大于等于1",
    "msg_yx": "输入有效数字",
    "msg_wx": "无效因子",
    "msg_gamerule": [
        "输入一个起始数字 *n*, 玩家A先手\n",
        "玩家A和玩家B轮流行动：",
        "   当前玩家选择当前数字的一个因子 *d* (1 < d < n)",
        "   如果找不到这样的 *d*，则该玩家输掉游戏",
        "   否则，将 *n* 更新为 (n - d)"
    ]
}