{
    "msg_welcome": "Welcome to Factor Game (Version 1.1)",
    "msg_gamename": "Game Name",
    "msg_startgame": "Start Game",
    "msg_rule": "Game Rules",
    "msg_game": "Factor Game",
    "msg_nownum": "Current Number",
    "msg_nowuse": "Game Status",
    "msg_hh": "Turn",
    "msg_control": "Game Controls",
    "msg_kxyz": "Available Factors",
    "msg_choose": "Select",
    "msg_newgame": "New Game",
    "msg_gamelog": "Game Log",
    "msg_bnum": "Starting Number",
    "msg_big": "Number must be greater than or equal to 1",
    "msg_yx": "Enter a valid number",
    "msg_wx": "Invalid factor",
    "msg_gamerule": [
        "Enter a starting number *n*, Player A goes first\n",
        "Player A and Player B take turns:",
        "   The current player selects a factor *d* of the current number (1 < d < n)",
        "   If no such *d* can be found, that player loses the game",
        "   Otherwise, update *n* to (n - d)"
    ]
}